{
  "group_matrix": [
    [
      0.2923076739900333,
      0.2692788242420797,
      0.43841350176788696
    ],
    [
      0.32973330134133166,
      0.3490162338635294,
      0.321250464795139
    ],
    [
      0.39480511390770234,
      0.24842659546331564,
      0.3567682906289819
    ]
  ],
  "within_group_matrices": {
    "positive": [
      [
        0.8438871716571429,
        0.15611282834285714
      ],
      [
        0.14925706385347987,
        0.8507429361465202
      ]
    ],
    "negative": [
      [
        0.7065630232380953,
        0.12017626615873016,
        0.17326071060317463
      ],
      [
        0.18909367873015873,
        0.6067248518095238,
        0.20418146946031746
      ],
      [
        0.17209571525496375,
        0.13119577466644508,
        0.6967085100785911
      ]
    ],
    "neutral": [
      [
        0.8703674888542877,
        0.12963251114571228
      ],
      [
        0.17701658441485862,
        0.8229834155851414
      ]
    ]
  },
  "base_matrix": [
    [
      0.4941681582822886,
      0.0914174210219798,
      0.05256193209605684,
      0.1283643122037805,
      0.05256193209605684,
      0.05256193209605684,
      0.1283643122037805
    ],
    [
      0.0874027842018942,
      0.4981827951023743,
      0.05256193209605684,
      0.1283643122037805,
      0.05256193209605684,
      0.05256193209605684,
      0.1283643122037805
    ],
    [
      0.09985964371804605,
      0.09985964371804605,
      0.4279648520660806,
      0.09729061889775856,
      0.07279070129196918,
      0.10494392141034102,
      0.09729061889775856
    ],
    [
      0.12013068870817446,
      0.12013068870817446,
      0.0503939065210319,
      0.529668143506943,
      0.0503939065210319,
      0.0503939065210319,
      0.0788887595136123
    ],
    [
      0.09985964371804606,
      0.09985964371804606,
      0.11453394188887997,
      0.09729061889775857,
      0.36749292406995837,
      0.12367260880955251,
      0.09729061889775857
    ],
    [
      0.09985964371804606,
      0.09985964371804606,
      0.10423828433982209,
      0.09729061889775857,
      0.07946521180729794,
      0.42199597862127075,
      0.09729061889775857
    ],
    [
      0.12013068870817446,
      0.12013068870817446,
      0.0503939065210319,
      0.10772466439478307,
      0.0503939065210319,
      0.0503939065210319,
      0.5008322386257723
    ]
  ],
  "temperature_schedule": [
    0.5,
    0.2
  ],
  "best_sequence": [
    "surprising",
    "disgust"
  ],
  "best_fitness": 22.908911444255015,
  "generation": 10,
  "model_type": "hierarchical_evolutionary",
  "parameters": {
    "mutation_rate": 0.12,
    "crossover_rate": 0.8,
    "bayesian_lambda": 0.6
  }
}