{
  "model_name": "evolutionary_as_creditor_vs_qlearning",
  "model_data": {
    "transition_matrix": [
      [
        0.3,
        0.2,
        0.05,
        0.1,
        0.05,
        0.05,
        0.25
      ],
      [
        0.25000000000000006,
        0.25000000000000006,
        0.10000000000000002,
        0.10000000000000002,
        0.10000000000000002,
        0.10000000000000002,
        0.10000000000000002
      ],
      [
        0.1,
        0.1,
        0.2,
        0.15,
        0.15,
        0.1,
        0.2
      ],
      [
        0.2,
        0.1,
        0.1,
        0.2,
        0.1,
        0.1,
        0.2
      ],
      [
        0.1,
        0.1,
        0.15,
        0.15,
        0.2,
        0.1,
        0.2
      ],
      [
        0.15,
        0.1,
        0.1,
        0.2,
        0.1,
        0.15,
        0.2
      ],
      [
        0.15,
        0.15,
        0.1,
        0.15,
        0.1,
        0.1,
        0.25
      ]
    ],
    "best_sequence": [
      "fear",
      "neutral",
      "neutral",
      "fear",
      "sad",
      "angry",
      "neutral",
      "disgust",
      "happy",
      "neutral",
      "fear",
      "disgust",
      "surprising"
    ],
    "best_fitness": 3.3736741117612543,
    "opponent_method": "qlearning",
    "trained_as": "creditor"
  },
  "training_stats": {
    "creditor_method": "evolutionary",
    "debtor_method": "qlearning",
    "training_scenarios": 80,
    "training_time_minutes": 928.1440317630768,
    "success_rate": 0.8791666666666667,
    "final_performance": {},
    "training_params": {
      "creditor_model": "deepseek-chat",
      "debtor_model": "deepseek-chat",
      "max_dialog_len": 30,
      "generations": 10,
      "population_size": 24,
      "mutation_rate": 0.15,
      "crossover_rate": 0.8,
      "negotiations_per_gen": 20,
      "learning_rate": 0.6,
      "episodes": 100,
      "episodes_per_scenario": 5,
      "discount_factor": 0.95,
      "exploration_rate": 1.0,
      "exploration_decay": 0.995,
      "batch_size": 32,
      "replay_buffer_size": 10000,
      "temperature": 1.0
    }
  },
  "timestamp": "20260111_062636",
  "saved_at": "2026-01-11T06:26:36.818777"
}