{
  "model_name": "hierarchical_as_creditor_vs_vanilla",
  "model_data": {
    "group_matrix": [
      [
        0.32828653894695226,
        0.3107287677746391,
        0.3609846932784086
      ],
      [
        0.34774384559135063,
        0.3955314226815406,
        0.2567247317271088
      ],
      [
        0.3392928977659141,
        0.23517198406073925,
        0.42553511817334666
      ]
    ],
    "within_group_matrices": {
      "positive": [
        [
          0.838364456139061,
          0.1616355438609391
        ],
        [
          0.15166809417142857,
          0.8483319058285714
        ]
      ],
      "negative": [
        [
          0.6573600724974791,
          0.1500181908436975,
          0.1926217366588235
        ],
        [
          0.21584634248311688,
          0.6218971021852814,
          0.16225655533160172
        ],
        [
          0.19193850913246752,
          0.18804033895064937,
          0.6200211519168832
        ]
      ],
      "neutral": [
        [
          0.7383188661859741,
          0.26168113381402597
        ],
        [
          0.40590780540056026,
          0.5940921945994398
        ]
      ]
    },
    "base_matrix": [
      [
        0.5015000929710511,
        0.09668854598988601,
        0.06195813956037348,
        0.10796847117897129,
        0.06195813956037348,
        0.06195813956037348,
        0.10796847117897129
      ],
      [
        0.09072613082620609,
        0.507462508134731,
        0.06195813956037348,
        0.10796847117897129,
        0.06195813956037348,
        0.06195813956037348,
        0.10796847117897129
      ],
      [
        0.10836729696898559,
        0.10836729696898559,
        0.409705794049343,
        0.08000304130485733,
        0.09350023613078305,
        0.12005329327218815,
        0.08000304130485733
      ],
      [
        0.10774863945275022,
        0.10774863945275022,
        0.049788764588151964,
        0.46893320689972817,
        0.049788764588151964,
        0.049788764588151964,
        0.16620322043031555
      ],
      [
        0.10836729696898559,
        0.10836729696898559,
        0.13452824538568392,
        0.08000304130485733,
        0.38760316716495313,
        0.10112791090167705,
        0.08000304130485733
      ],
      [
        0.10836729696898559,
        0.10836729696898559,
        0.11962746534634752,
        0.08000304130485733,
        0.11719789443612555,
        0.3864339636698411,
        0.08000304130485733
      ],
      [
        0.10774863945275022,
        0.10774863945275022,
        0.049788764588151964,
        0.25780683334749044,
        0.049788764588151964,
        0.049788764588151964,
        0.3773295939825533
      ]
    ],
    "best_sequence": [
      "surprising",
      "disgust"
    ],
    "best_fitness": 22.908911444255015,
    "opponent_model": "vanilla",
    "trained_as": "creditor"
  },
  "training_stats": {
    "creditor_method": "hierarchical",
    "debtor_method": "vanilla",
    "training_scenarios": 80,
    "training_time_minutes": 945.7217344284057,
    "success_rate": 0,
    "final_performance": {},
    "training_params": {
      "creditor_model": "deepseek-chat",
      "debtor_model": "deepseek-chat",
      "max_dialog_len": 30,
      "generations": 10,
      "population_size": 20,
      "mutation_rate": 0.12,
      "crossover_rate": 0.8,
      "negotiations_per_gen": 24,
      "learning_rate": 0.6,
      "episodes": 100,
      "episodes_per_scenario": 5,
      "discount_factor": 0.95,
      "exploration_rate": 1.0,
      "exploration_decay": 0.995,
      "batch_size": 32,
      "replay_buffer_size": 10000,
      "temperature": 1.0
    }
  },
  "timestamp": "20260113_072412",
  "saved_at": "2026-01-13T07:24:12.566115"
}