{
  "model_name": "qlearning_as_creditor_vs_vanilla",
  "model_data": {
    "q_table": [
      [
        0.8894554840953097,
        7.661422464867807,
        2.425943611901368,
        0.4414382087661327,
        -0.006963944532762433,
        -0.01689008884744266,
        12.43751006518611
      ],
      [
        7.790357144298769,
        0.0045044255176876396,
        0.5597801930759492,
        -0.021356783728150537,
        0.020933330200928114,
        0.014809503441406269,
        1.5911976669451091
      ],
      [
        0.3354756982200587,
        1.4729835101791022,
        1.4113765890819268,
        0.21576890397504203,
        2.159856989957639,
        1.2117448565063693,
        0.40787931777895076
      ],
      [
        0.8486498925800583,
        1.340679788785313,
        -0.009931002849527908,
        0.07950038043350147,
        0.021192175610704102,
        0.979816682805607,
        0.08317438094662839
      ],
      [
        0.003962122863104336,
        0.9350538238612474,
        0.004610808899232704,
        0.08070444448616308,
        1.5224119649144283,
        0.01924523018360157,
        1.323454567047363
      ],
      [
        12.653243170209905,
        0.2899598761071783,
        -0.026244876774951863,
        0.012017991412021388,
        -0.0039040058662929635,
        -0.02465541240733055,
        1.2918996403791254
      ],
      [
        0.8185042075297917,
        0.02803515472383262,
        1.0997168028663757,
        0.6817951386726343,
        0.491789406155118,
        12.506455899707582,
        1.157333761421151
      ]
    ],
    "transition_matrix": [
      [
        6.49238667448091e-05,
        0.018334157331140986,
        0.00023360276228463105,
        4.469526524685083e-05,
        3.075950684118343e-05,
        3.050612017956942e-05,
        0.981261355147562
      ],
      [
        0.9859884470355422,
        0.0014999533963826297,
        0.002382532136090515,
        0.001467973723989472,
        0.0015206301061066142,
        0.0015128898102217047,
        0.005627573791666738
      ],
      [
        0.0682685313224799,
        0.17615637503029707,
        0.16734089079822626,
        0.061787016694778,
        0.312238294756056,
        0.14169448376798277,
        0.07251440763018001
      ],
      [
        0.17641951473260997,
        0.26583868533082683,
        0.08626126755217542,
        0.09293560541222161,
        0.0885278036061228,
        0.1967965440438308,
        0.0932205793222125
      ],
      [
        0.07812937164960618,
        0.1697413511181649,
        0.07817161759405884,
        0.08328912582145068,
        0.2769233995384895,
        0.07913078471647371,
        0.23461434956175622
      ],
      [
        0.9997847632248917,
        3.353397887653265e-05,
        2.5765986228051575e-05,
        2.660079180254257e-05,
        2.6250174884766033e-05,
        2.5800137271341345e-05,
        7.728570604491328e-05
      ],
      [
        5.8862934615334486e-05,
        3.0462224909286423e-05,
        7.440740218014096e-05,
        5.252490169077185e-05,
        4.4833214716093446e-05,
        0.9996608421557346,
        7.806716615379544e-05
      ]
    ],
    "best_sequence": [
      "fear"
    ],
    "best_reward": 17.147580370607564,
    "opponent_method": "vanilla",
    "trained_as": "creditor"
  },
  "training_stats": {
    "creditor_method": "qlearning",
    "debtor_method": "vanilla",
    "training_scenarios": 80,
    "training_time_minutes": 1150.7442816694577,
    "success_rate": 0.8208333333333333,
    "final_performance": {},
    "training_params": {
      "creditor_model": "deepseek-chat",
      "debtor_model": "deepseek-chat",
      "max_dialog_len": 30,
      "generations": 10,
      "population_size": 20,
      "mutation_rate": 0.1,
      "crossover_rate": 0.7,
      "negotiations_per_gen": 20,
      "learning_rate": 0.15,
      "episodes": 240,
      "episodes_per_scenario": 3,
      "discount_factor": 0.9,
      "exploration_rate": 0.8,
      "exploration_decay": 0.995,
      "batch_size": 32,
      "replay_buffer_size": 10000,
      "temperature": 1.2
    }
  },
  "timestamp": "20260112_030722",
  "saved_at": "2026-01-12T03:07:22.346694"
}