{
  "model_name": "qlearning_as_creditor_vs_vanilla",
  "model_data": {
    "q_table": [
      [
        -1.0456849420866006,
        -1.089493632852503,
        -1.0768508372401002,
        -1.1033662377291293,
        -0.9786210053499114,
        -1.0480766403062383,
        -0.9840973615703873
      ],
      [
        -1.1094273138039248,
        -1.0770760109973914,
        -1.0821834524366905,
        -1.0993641164619186,
        -0.9949170891292365,
        -1.0082354029792993,
        -0.9863303225625424
      ],
      [
        -1.1081266774357037,
        -1.0827519406931385,
        -1.1480915488169912,
        -1.0805301884084701,
        -1.0252418161278782,
        -1.0605673227853423,
        -1.049011602226981
      ],
      [
        -1.088564976928374,
        -1.0697029906359825,
        -1.1248262493315175,
        -1.0478704375177723,
        -1.0007731418989687,
        -1.0657535767432524,
        -0.9961941054695066
      ],
      [
        -1.0050827542310927,
        -1.0973969685277767,
        -1.0426146672508594,
        -1.0110134361557885,
        -0.9407033793734515,
        -1.0830387972091517,
        -0.9749550279087642
      ],
      [
        -1.0648834614117868,
        -1.1107467476147725,
        -1.1262530862700375,
        -1.1037621685526915,
        -1.0027005709402526,
        -1.0577363528529509,
        -0.9819781644399943
      ],
      [
        -1.0744389150278453,
        -1.0853095432970954,
        -1.0377733140511602,
        -1.0794836717454015,
        -0.8608008349693947,
        -0.9725777378981583,
        -0.9972437676524126
      ]
    ],
    "transition_matrix": [
      [
        0.1428625998306408,
        0.13774113437487662,
        0.13920000011370565,
        0.13615794628941563,
        0.1510740240150481,
        0.1425781465394265,
        0.15038614883688659
      ],
      [
        0.13596474418993246,
        0.13968013201801852,
        0.13908688864971905,
        0.13710973848321986,
        0.14957842024863446,
        0.14792748841863476,
        0.15065258799184095
      ],
      [
        0.1393861198647897,
        0.14236490810579158,
        0.13482044597253984,
        0.1426287352296756,
        0.1493538974749337,
        0.1450213130770037,
        0.14642458027526606
      ],
      [
        0.13897226902578919,
        0.1411739378268828,
        0.1348356572035123,
        0.14376593504074717,
        0.1495206144077769,
        0.14163933184691707,
        0.15009225464837464
      ],
      [
        0.14476233493902432,
        0.1340435592794244,
        0.1403047347838706,
        0.14404865052041063,
        0.15274086724162195,
        0.13565704313590707,
        0.14844281009974106
      ],
      [
        0.14262373917030677,
        0.13727559709757226,
        0.1355131405601683,
        0.13807693714582564,
        0.15020920814799332,
        0.1434757299703227,
        0.15282564790781095
      ],
      [
        0.13572736432853982,
        0.13450338187013638,
        0.13993847575320828,
        0.1351579690815446,
        0.16217563798402332,
        0.14775160422224803,
        0.14474556676029954
      ]
    ],
    "best_sequence": [
      "sad"
    ],
    "best_reward": 17.147580370607564,
    "opponent_method": "vanilla",
    "trained_as": "creditor"
  },
  "training_stats": {
    "creditor_method": "qlearning",
    "debtor_method": "vanilla",
    "training_scenarios": 80,
    "training_time_minutes": 1013.7080929398537,
    "success_rate": 0.0625,
    "final_performance": {},
    "training_params": {
      "creditor_model": "gpt-4o-mini",
      "debtor_model": "deepseek-chat",
      "max_dialog_len": 30,
      "generations": 10,
      "population_size": 20,
      "mutation_rate": 0.1,
      "crossover_rate": 0.7,
      "negotiations_per_gen": 20,
      "learning_rate": 0.15,
      "episodes": 240,
      "episodes_per_scenario": 3,
      "discount_factor": 0.9,
      "exploration_rate": 0.8,
      "exploration_decay": 0.995,
      "batch_size": 32,
      "replay_buffer_size": 10000,
      "temperature": 1.2
    }
  },
  "timestamp": "20260111_083648",
  "saved_at": "2026-01-11T08:36:48.053877"
}