{
  "model_name": "qlearning_as_creditor_vs_vanilla",
  "model_data": {
    "q_table": [
      [
        1.4630296697990803,
        -0.02836408499830247,
        0.9704496194575192,
        0.004843965175410924,
        -0.016888904590907857,
        0.48091742286980127,
        1.1987381086609163
      ],
      [
        1.4069465751755243,
        0.418781627017576,
        0.009269122485351462,
        0.5696178597366024,
        0.08325941817401239,
        1.8428941704086896,
        -0.05710765251849889
      ],
      [
        0.4693704880662644,
        0.4553422108366755,
        -0.07209040819822145,
        0.13752634386775783,
        0.6530711469194563,
        -0.016782716584033713,
        0.48050413759254423
      ],
      [
        1.389838012969599,
        0.38574371275904523,
        0.42326979130922915,
        -0.0032645549944182077,
        0.14506702318834114,
        -0.022318031007625232,
        0.001057798550437004
      ],
      [
        0.46067067211509066,
        -0.019445193668503113,
        0.004610808899232704,
        0.8531501659884544,
        0.4108668465121522,
        16.29978984057592,
        0.5222567879383584
      ],
      [
        1.1698142486194352,
        0.9874140247642545,
        -0.07109427190753174,
        0.012017991412021388,
        18.652830708336126,
        0.37965589397697463,
        -0.046482683225648365
      ],
      [
        -0.04611134852186148,
        0.853753264878611,
        0.021071679514399755,
        0.307450350663786,
        0.33775105950722606,
        3.7271172535207313,
        0.04861026599590024
      ]
    ],
    "transition_matrix": [
      [
        0.26431607600867596,
        0.07627288606866363,
        0.175328659931092,
        0.07841309102371773,
        0.0770057555109147,
        0.11659644355090462,
        0.2120670879060313
      ],
      [
        0.2318183059385818,
        0.10174636619804661,
        0.07232882170608444,
        0.11537410912612854,
        0.07692887317375854,
        0.3333668594044059,
        0.06843666445299434
      ],
      [
        0.1606355634148074,
        0.15876863026904517,
        0.10230113875121173,
        0.12182693001269561,
        0.18720833737566786,
        0.10712651802314714,
        0.16213288215342508
      ],
      [
        0.31543824891964584,
        0.13662195898686397,
        0.140961868871999,
        0.0987947170021625,
        0.11179354032121931,
        0.09723845249222048,
        0.09915121340588888
      ],
      [
        1.8519403550471905e-06,
        1.2412728873844226e-06,
        1.2664073633895108e-06,
        2.5684437606795984e-06,
        1.7766520847263476e-06,
        0.9999893458171506,
        1.9494663982257724e-06
      ],
      [
        4.7063545707198003e-07,
        4.0427026671107126e-07,
        1.6733426254682743e-07,
        1.7933464821305484e-07,
        0.9999983640015331,
        2.436221653144554e-07,
        1.7080166700884594e-07
      ],
      [
        0.03207097978464297,
        0.0678866051909402,
        0.03391771422349648,
        0.04305964785944486,
        0.04416077292743567,
        0.7441991941311895,
        0.03470508588285022
      ]
    ],
    "best_sequence": [
      "fear"
    ],
    "best_reward": 17.147580370607564,
    "opponent_method": "vanilla",
    "trained_as": "creditor"
  },
  "training_stats": {
    "creditor_method": "qlearning",
    "debtor_method": "vanilla",
    "training_scenarios": 80,
    "training_time_minutes": 934.6392901102702,
    "success_rate": 0.8666666666666667,
    "final_performance": {},
    "training_params": {
      "creditor_model": "deepseek-chat",
      "debtor_model": "deepseek-chat",
      "max_dialog_len": 30,
      "generations": 10,
      "population_size": 20,
      "mutation_rate": 0.1,
      "crossover_rate": 0.7,
      "negotiations_per_gen": 20,
      "learning_rate": 0.15,
      "episodes": 240,
      "episodes_per_scenario": 3,
      "discount_factor": 0.9,
      "exploration_rate": 0.8,
      "exploration_decay": 0.995,
      "batch_size": 32,
      "replay_buffer_size": 10000,
      "temperature": 1.2
    }
  },
  "timestamp": "20260112_193431",
  "saved_at": "2026-01-12T19:34:31.744703"
}