{
  "model_name": "qlearning_as_creditor_vs_vanilla",
  "model_data": {
    "q_table": [
      [
        -0.006159868562351415,
        0.09942634087938343,
        1.5649838583181768,
        0.004843965175410924,
        0.03947339537238696,
        0.2115132254769439,
        0.2608195582204794
      ],
      [
        1.0292635632300744,
        0.3649945493736112,
        0.009269122485351462,
        0.2480333831091242,
        0.3208800288223104,
        0.404979760446451,
        1.4897462261400345
      ],
      [
        0.27373603043722916,
        1.875925975876842,
        0.9129781031521238,
        0.209550757310148,
        -0.005470818414718031,
        -0.016782716584033713,
        0.6667832249062824
      ],
      [
        0.031057328930614008,
        0.2793184280292723,
        0.02743399362722751,
        -0.01506688396130371,
        0.3211000474206199,
        0.26209452913070463,
        0.001057798550437004
      ],
      [
        0.003962122863104336,
        -0.019445193668503113,
        1.5032907989469408,
        -0.0242988887365606,
        -0.018647698614235007,
        0.018944639649147003,
        2.5136886664094003
      ],
      [
        0.27038061750292336,
        0.9621331226327204,
        -0.026244876774951863,
        -0.0020767195158300517,
        0.39104096792193344,
        17.798139279437386,
        0.3418566257084863
      ],
      [
        0.7862243784377457,
        0.3829249684641694,
        0.4060338941106379,
        0.005070215114693487,
        1.6500656545612005,
        6.843216372962264,
        4.282449955056394
      ]
    ],
    "transition_matrix": [
      [
        0.09716718919722539,
        0.10610419708380342,
        0.35986160747075313,
        0.09806229659268278,
        0.10093339205953282,
        0.11649255202121608,
        0.12137876557478636
      ],
      [
        0.19454813530554568,
        0.11184590807026681,
        0.08315316323619709,
        0.10145896840980129,
        0.10780887707554324,
        0.11563551270724355,
        0.28554943519540227
      ],
      [
        0.09599706734065054,
        0.364846212920818,
        0.16353374651267208,
        0.0909973071991081,
        0.07606933814928936,
        0.07535563349282964,
        0.13320069438463233
      ],
      [
        0.13071626868321531,
        0.16076012314656835,
        0.13032217323174297,
        0.1257872820133693,
        0.16645605685061038,
        0.15846917367163393,
        0.12748892240285983
      ],
      [
        0.06047319300279095,
        0.05930502724408044,
        0.21095413483200887,
        0.05906563793969501,
        0.05934445323174225,
        0.06123295999986768,
        0.48962459374981476
      ],
      [
        4.534102419070958e-07,
        8.069468039986726e-07,
        3.541106429620646e-07,
        3.613147803395683e-07,
        5.013716382237671e-07,
        0.9999970416085102,
        4.812373825160353e-07
      ],
      [
        0.005584341688178836,
        0.003990369018719378,
        0.0040679579874270825,
        0.0029124794159889325,
        0.011471139636968025,
        0.8691014683382687,
        0.10287224391444882
      ]
    ],
    "best_sequence": [
      "fear",
      "fear",
      "fear",
      "fear",
      "fear",
      "fear",
      "fear",
      "fear",
      "fear",
      "fear",
      "fear",
      "fear",
      "fear",
      "fear",
      "fear"
    ],
    "best_reward": 20.77658449072194,
    "opponent_method": "vanilla",
    "trained_as": "creditor"
  },
  "training_stats": {
    "creditor_method": "qlearning",
    "debtor_method": "vanilla",
    "training_scenarios": 80,
    "training_time_minutes": 990.0737344503402,
    "success_rate": 0.8458333333333333,
    "final_performance": {},
    "training_params": {
      "creditor_model": "deepseek-chat",
      "debtor_model": "deepseek-chat",
      "max_dialog_len": 30,
      "generations": 10,
      "population_size": 20,
      "mutation_rate": 0.1,
      "crossover_rate": 0.7,
      "negotiations_per_gen": 20,
      "learning_rate": 0.15,
      "episodes": 240,
      "episodes_per_scenario": 3,
      "discount_factor": 0.9,
      "exploration_rate": 0.8,
      "exploration_decay": 0.995,
      "batch_size": 32,
      "replay_buffer_size": 10000,
      "temperature": 1.2
    }
  },
  "timestamp": "20260111_072824",
  "saved_at": "2026-01-11T07:28:24.865122"
}