{
  "model_name": "qlearning_as_creditor_vs_vanilla",
  "model_data": {
    "q_table": [
      [
        -1.2329747496032548,
        -1.3172538881260458,
        -1.0654128179756643,
        -1.3568065804892522,
        -1.2586666086155827,
        -1.3114991522246613,
        -1.291232407867275
      ],
      [
        -1.3208469323326866,
        -1.3491349222969213,
        -1.123430225601894,
        -1.382815009691435,
        -1.2604327395374986,
        -1.333911881907987,
        -1.3505032310511071
      ],
      [
        -1.1043428097403183,
        -1.1234952566529968,
        -1.2479387336067238,
        -1.3422074672807702,
        -1.2865651583148718,
        -1.3792942316435906,
        -1.3169769924236805
      ],
      [
        -1.277401564674894,
        -1.2735603440576542,
        -1.3426944530113247,
        -1.354031441651785,
        -1.301632889223737,
        -1.3657562573954927,
        -1.31102108879954
      ],
      [
        -1.272765484774597,
        -1.3472584765568623,
        -1.312995300386639,
        -1.320378690519898,
        -0.9890451932214525,
        -1.3134456508550145,
        -1.1729491524366216
      ],
      [
        -1.2716044381660094,
        -1.3868201198454462,
        -1.3101904252779335,
        -1.315317727101684,
        -1.2396989074718132,
        -1.3512961633095923,
        -1.3200830711963971
      ],
      [
        -1.2618984231681134,
        -1.20047438926024,
        -1.3084895438194803,
        -1.3009684429167263,
        -1.33238232582869,
        -1.3984342476376475,
        -1.3536842610012638
      ]
    ],
    "transition_matrix": [
      [
        0.1459412798276729,
        0.13604309797505554,
        0.16781115854004636,
        0.13163213229211382,
        0.14284990524174887,
        0.13669707491533187,
        0.1390253512080307
      ],
      [
        0.1404181227399938,
        0.13714671121707173,
        0.1655276888217116,
        0.1333509664593244,
        0.14766847439711772,
        0.13889761856139407,
        0.13699041780338672
      ],
      [
        0.16171981007306216,
        0.1591591902544801,
        0.14348091078534425,
        0.13264079995639505,
        0.13893598857435424,
        0.12860415045587043,
        0.13545914990049374
      ],
      [
        0.14771516032303073,
        0.14818875667976875,
        0.13989261417344623,
        0.13857720347427896,
        0.14476229559210946,
        0.13722980322089004,
        0.14363416653647587
      ],
      [
        0.13911941618318593,
        0.1307458261921891,
        0.13453277197862196,
        0.13370755666704245,
        0.176225821593437,
        0.13448229237078535,
        0.1511863150147382
      ],
      [
        0.14783857223729632,
        0.1343042679560256,
        0.14316044024676103,
        0.14255005619642985,
        0.15182201679292648,
        0.1383395512583462,
        0.14198509531221443
      ],
      [
        0.14827606424621842,
        0.15606343046276996,
        0.14262943473044445,
        0.14352618399586312,
        0.1398176746143241,
        0.1323296266586504,
        0.13735758529172945
      ]
    ],
    "best_sequence": [
      "disgust"
    ],
    "best_reward": 17.147580370607564,
    "opponent_method": "vanilla",
    "trained_as": "creditor"
  },
  "training_stats": {
    "creditor_method": "qlearning",
    "debtor_method": "vanilla",
    "training_scenarios": 80,
    "training_time_minutes": 960.3532756288846,
    "success_rate": 0.041666666666666664,
    "final_performance": {},
    "training_params": {
      "creditor_model": "gpt-4o-mini",
      "debtor_model": "gpt-4o-mini",
      "max_dialog_len": 30,
      "generations": 10,
      "population_size": 20,
      "mutation_rate": 0.1,
      "crossover_rate": 0.7,
      "negotiations_per_gen": 20,
      "learning_rate": 0.15,
      "episodes": 240,
      "episodes_per_scenario": 3,
      "discount_factor": 0.9,
      "exploration_rate": 0.8,
      "exploration_decay": 0.995,
      "batch_size": 32,
      "replay_buffer_size": 10000,
      "temperature": 1.2
    }
  },
  "timestamp": "20260111_102127",
  "saved_at": "2026-01-11T10:21:27.512418"
}