{
  "q_table": [
    [
      0.021794132931325295,
      0.004729722262266683,
      0.019960802341454364,
      0.014102684970190441,
      -0.00900841592294101,
      -0.012513248119651554,
      0.01789099345217065
    ],
    [
      0.0023716986417612125,
      -0.031285451037074634,
      0.017195868406259227,
      -0.02314269578912889,
      0.0016328330912834526,
      0.024717423355645116,
      -0.057727701617197244
    ],
    [
      0.017497177910333058,
      0.011731239664471576,
      0.011487933569773146,
      -0.06395884375191059,
      -0.03820005631661905,
      -0.0384058316171293,
      0.018988218216763143
    ],
    [
      -0.0009582832596292712,
      0.023282825201531947,
      -0.035869732635508106,
      -0.031192487371746867,
      -0.003595171096268319,
      0.01555679831659331,
      -0.10537432742830632
    ],
    [
      0.006360110579114315,
      0.024661930318451427,
      -0.05748242492757498,
      -0.02160557392558321,
      0.01934305810149819,
      0.004695285319436611,
      0.011515413065518594
    ],
    [
      0.021597485811243673,
      0.0007167055903607133,
      -0.015952102676064506,
      -0.012577789066026041,
      0.017949297046951224,
      -0.0217585906099291,
      -0.054837664638087744
    ],
    [
      0.012342480169755544,
      0.005001351962949026,
      -0.02733150791696076,
      -0.07160665895594927,
      0.019530182366879912,
      0.00292151576039368,
      -0.034034068078132536
    ]
  ],
  "learning_rate": 0.15,
  "discount_factor": 0.9,
  "exploration_rate": 0.796,
  "exploration_decay": 0.995,
  "min_exploration": 0.1,
  "total_episodes": 1,
  "best_reward": -5.0,
  "best_sequence": [
    "surprising",
    "surprising",
    "neutral",
    "sad",
    "angry",
    "fear",
    "neutral",
    "angry",
    "disgust",
    "angry",
    "sad",
    "neutral",
    "sad",
    "sad",
    "neutral",
    "neutral"
  ],
  "episode_rewards": [
    -5.0
  ],
  "reward_history": [
    {
      "episode": 1,
      "reward": -5.0,
      "exploration_rate": 0.796,
      "sequence_length": 16,
      "success": false
    }
  ],
  "use_softmax": true,
  "temperature": 1.2,
  "reward_function": "simplified"
}