{
  "q_table": [
    [
      0.018364095224351354,
      0.017856295569523638,
      0.022128826970358662,
      0.20905069230611842,
      0.006646559413080002,
      -0.019693450849004614,
      -0.014057720690492647
    ],
    [
      -0.004886267462830754,
      0.019293233061558387,
      0.01541038297135018,
      -0.011199869612023414,
      0.20706888608691593,
      0.016998877954198462,
      0.20327138746160597
    ],
    [
      0.01577807043259432,
      0.024196449910293728,
      0.20817763000465125,
      -0.009847288626503326,
      0.025214575374596798,
      -0.01216569284581527,
      0.22343873202547723
    ],
    [
      0.027329237776009676,
      0.24645516448310467,
      0.021440004712915295,
      -0.009165708529097401,
      0.011589130144508566,
      -0.0012225062730881744,
      -0.012764800680406044
    ],
    [
      0.016433092949922304,
      0.18501836688379608,
      0.19568599833150177,
      0.027786559320634993,
      -0.007006928561877919,
      -0.005868273416670913,
      -0.0013750244892449235
    ],
    [
      0.02073739317414238,
      -0.0010137414383406232,
      -0.021111039423413105,
      0.0031441083967560526,
      0.02778514739156947,
      0.022376629169210183,
      0.0038319410065681837
    ],
    [
      0.22100399317943745,
      0.0021619569941690826,
      0.017702457356862357,
      0.2155127006993071,
      0.019982225566667303,
      0.02034106272388056,
      0.016467072665283897
    ]
  ],
  "learning_rate": 0.15,
  "discount_factor": 0.9,
  "exploration_rate": 0.796,
  "exploration_decay": 0.995,
  "min_exploration": 0.1,
  "total_episodes": 1,
  "best_reward": 13.666547138293952,
  "best_sequence": [
    "disgust",
    "surprising",
    "neutral",
    "sad",
    "surprising",
    "disgust",
    "angry",
    "angry",
    "neutral",
    "happy",
    "sad"
  ],
  "episode_rewards": [
    13.666547138293952
  ],
  "reward_history": [
    {
      "episode": 1,
      "reward": 13.666547138293952,
      "exploration_rate": 0.796,
      "sequence_length": 11,
      "success": true
    }
  ],
  "use_softmax": true,
  "temperature": 1.2,
  "reward_function": "simplified"
}