{
  "q_table": [
    [
      -0.022175322266133467,
      0.0015473085141300307,
      -0.12982434532885562,
      -0.01671965369069554,
      0.02071529877335474,
      -0.018379116066269238,
      -0.010640104093277411
    ],
    [
      -0.020497989160956215,
      -0.02292376726889265,
      0.016688510962064567,
      -0.015568259238537625,
      -0.00861167240819184,
      0.004524041176362667,
      -0.01118575978499445
    ],
    [
      -0.06274477168649756,
      -0.0037819913677611763,
      -0.07485876912973376,
      -0.03312223266904407,
      -0.06263909694222396,
      -0.01339246311177237,
      0.01187134823132935
    ],
    [
      -0.04243733576006681,
      -0.025681401340644044,
      -0.017574624480983236,
      -0.00575065216966182,
      -0.04712880896418828,
      0.029492008611765017,
      0.015799720511372413
    ],
    [
      0.018434232584911545,
      0.02186256357791758,
      -0.062024610549358206,
      -0.05018193060817744,
      -0.06205435065380679,
      0.0016769378479030619,
      -0.01944227649729245
    ],
    [
      -0.031496155113882464,
      -0.0051762634473116855,
      -0.026181307354769617,
      -0.005858540316619205,
      -0.006894575869134304,
      -0.06619020833467858,
      -0.0154279324683372
    ],
    [
      0.01781538681308862,
      0.03105897486250611,
      0.004464230784400643,
      0.00045662639472565116,
      0.017192070293411858,
      0.025266444941547093,
      0.003746265910320017
    ]
  ],
  "learning_rate": 0.15,
  "discount_factor": 0.9,
  "exploration_rate": 0.796,
  "exploration_decay": 0.995,
  "min_exploration": 0.1,
  "total_episodes": 1,
  "best_reward": -5.0,
  "best_sequence": [
    "fear",
    "fear",
    "happy",
    "angry",
    "angry",
    "sad",
    "disgust",
    "disgust",
    "angry",
    "happy",
    "angry",
    "disgust",
    "sad",
    "happy",
    "angry",
    "angry"
  ],
  "episode_rewards": [
    -5.0
  ],
  "reward_history": [
    {
      "episode": 1,
      "reward": -5.0,
      "exploration_rate": 0.796,
      "sequence_length": 16,
      "success": false
    }
  ],
  "use_softmax": true,
  "temperature": 1.2,
  "reward_function": "simplified"
}