{
  "base_transition_matrix": [
    [
      0.3,
      0.2,
      0.05,
      0.1,
      0.05,
      0.05,
      0.25
    ],
    [
      0.25000000000000006,
      0.25000000000000006,
      0.10000000000000002,
      0.10000000000000002,
      0.10000000000000002,
      0.10000000000000002,
      0.10000000000000002
    ],
    [
      0.1,
      0.1,
      0.2,
      0.15,
      0.15,
      0.1,
      0.2
    ],
    [
      0.2,
      0.1,
      0.1,
      0.2,
      0.1,
      0.1,
      0.2
    ],
    [
      0.1,
      0.1,
      0.15,
      0.15,
      0.2,
      0.1,
      0.2
    ],
    [
      0.15,
      0.1,
      0.1,
      0.2,
      0.1,
      0.15,
      0.2
    ],
    [
      0.15,
      0.15,
      0.1,
      0.15,
      0.1,
      0.1,
      0.25
    ]
  ],
  "current_policy": {
    "transition_matrix": [
      [
        0.3332383201207189,
        0.0668075707536449,
        0.05422112012043476,
        0.1332792324584203,
        0.086784255535654,
        0.12444002395239015,
        0.20122947705873706
      ],
      [
        0.23756071506440454,
        0.12551088082907838,
        0.01117915952688,
        0.09361207930793757,
        0.034287750420661074,
        0.12357662907543425,
        0.37427278577560436
      ],
      [
        0.10148296585850312,
        0.07272604207030864,
        0.022305001807026274,
        0.32228568517985345,
        0.05831221440967119,
        0.29097195536464554,
        0.13191613530999186
      ],
      [
        0.13319654140298692,
        0.2885803133247091,
        0.029986978127066487,
        0.10088130938687506,
        0.24498001892724836,
        0.030663779549182563,
        0.17171105928193142
      ],
      [
        0.32458637148376784,
        0.09714288305019657,
        0.010574827318442311,
        0.3064378661225972,
        0.04834257618994147,
        0.0139168970725939,
        0.1989985787624606
      ],
      [
        0.297887166710362,
        0.06066066647418661,
        0.024953714319239075,
        0.09325994922739086,
        0.2573197341077527,
        0.19772244188389337,
        0.06819632727717534
      ],
      [
        0.14384210862964922,
        0.17244567321446452,
        0.1361072211613363,
        0.15720461748448208,
        0.13660957760729706,
        0.08646360814723818,
        0.1673271937555327
      ]
    ],
    "temperature_schedule": [
      0.5,
      0.2
    ]
  },
  "best_sequence": [
    "angry",
    "neutral",
    "fear",
    "disgust",
    "surprising",
    "happy",
    "happy",
    "neutral",
    "disgust",
    "fear",
    "happy",
    "neutral",
    "neutral",
    "surprising",
    "happy",
    "happy"
  ],
  "best_fitness": 0.0,
  "generation": 10,
  "elite_sequences": [
    {
      "sequence": [
        "fear",
        "happy",
        "sad",
        "surprising",
        "neutral",
        "sad",
        "neutral"
      ],
      "fitness": 0.0
    },
    {
      "sequence": [
        "disgust",
        "happy",
        "disgust"
      ],
      "fitness": 0.0
    },
    {
      "sequence": [
        "neutral",
        "disgust",
        "neutral",
        "neutral",
        "surprising",
        "happy",
        "sad",
        "angry",
        "fear"
      ],
      "fitness": 0.0
    },
    {
      "sequence": [
        "neutral",
        "angry",
        "sad"
      ],
      "fitness": 0.0
    },
    {
      "sequence": [
        "fear",
        "surprising",
        "neutral",
        "sad",
        "disgust"
      ],
      "fitness": 0.0
    }
  ],
  "model_type": "baseline_evolutionary",
  "parameters": {
    "mutation_rate": 0.15,
    "crossover_rate": 0.8,
    "population_size": 20,
    "elite_size": 5
  }
}