{
  "base_transition_matrix": [
    [
      0.3,
      0.2,
      0.05,
      0.1,
      0.05,
      0.05,
      0.25
    ],
    [
      0.25000000000000006,
      0.25000000000000006,
      0.10000000000000002,
      0.10000000000000002,
      0.10000000000000002,
      0.10000000000000002,
      0.10000000000000002
    ],
    [
      0.1,
      0.1,
      0.2,
      0.15,
      0.15,
      0.1,
      0.2
    ],
    [
      0.2,
      0.1,
      0.1,
      0.2,
      0.1,
      0.1,
      0.2
    ],
    [
      0.1,
      0.1,
      0.15,
      0.15,
      0.2,
      0.1,
      0.2
    ],
    [
      0.15,
      0.1,
      0.1,
      0.2,
      0.1,
      0.15,
      0.2
    ],
    [
      0.15,
      0.15,
      0.1,
      0.15,
      0.1,
      0.1,
      0.25
    ]
  ],
  "current_policy": {
    "transition_matrix": [
      [
        0.3588013502609857,
        0.12136617783797135,
        0.049007710801351655,
        0.042555941232415025,
        0.008302211044367677,
        0.1947920693396355,
        0.2251745394832732
      ],
      [
        0.23352179573941137,
        0.04294053368459309,
        0.22363937138570897,
        0.14963711060427656,
        0.14173500410301193,
        0.15150703961986803,
        0.0570191448631302
      ],
      [
        0.08681899127031162,
        0.06916944786592698,
        0.054151984262128604,
        0.2202833254183469,
        0.20439133536081208,
        0.1621881958157177,
        0.20299672000675617
      ],
      [
        0.10693859786462703,
        0.10426674784246458,
        0.24266343439120086,
        0.11787970653330743,
        0.1335984940461949,
        0.24160794754654452,
        0.05304507177566077
      ],
      [
        0.08619973781956403,
        0.2655667280068892,
        0.0922652040124098,
        0.1126949413106329,
        0.14271440562662843,
        0.2261021502230378,
        0.07445683300083789
      ],
      [
        0.16442693138183512,
        0.08420706131727596,
        0.17060845393464757,
        0.07293038368385384,
        0.3706505664391637,
        0.06440238802723638,
        0.07277421521598747
      ],
      [
        0.2517460929773983,
        0.04701509964753564,
        0.3362543000119812,
        0.11505128431172525,
        0.06696560762006498,
        0.07072651193186008,
        0.1122411034994346
      ]
    ],
    "temperature_schedule": [
      0.5,
      0.2
    ]
  },
  "best_sequence": [
    "angry",
    "neutral",
    "fear",
    "disgust",
    "surprising",
    "happy",
    "happy",
    "neutral",
    "disgust"
  ],
  "best_fitness": 0.0,
  "generation": 10,
  "elite_sequences": [
    {
      "sequence": [
        "neutral",
        "happy",
        "surprising",
        "happy"
      ],
      "fitness": 0.0
    },
    {
      "sequence": [
        "neutral",
        "neutral",
        "angry",
        "fear",
        "disgust",
        "disgust",
        "surprising",
        "fear",
        "happy",
        "neutral",
        "disgust",
        "fear"
      ],
      "fitness": 0.0
    },
    {
      "sequence": [
        "happy",
        "happy",
        "happy",
        "surprising",
        "happy",
        "neutral",
        "angry",
        "sad",
        "angry",
        "sad",
        "disgust"
      ],
      "fitness": 0.0
    },
    {
      "sequence": [
        "angry",
        "neutral",
        "angry",
        "neutral"
      ],
      "fitness": 0.0
    },
    {
      "sequence": [
        "fear",
        "angry",
        "neutral",
        "happy",
        "neutral",
        "angry",
        "fear",
        "fear",
        "disgust"
      ],
      "fitness": 0.0
    }
  ],
  "model_type": "baseline_evolutionary",
  "parameters": {
    "mutation_rate": 0.15,
    "crossover_rate": 0.8,
    "population_size": 20,
    "elite_size": 5
  }
}