{
  "base_transition_matrix": [
    [
      0.3,
      0.2,
      0.05,
      0.1,
      0.05,
      0.05,
      0.25
    ],
    [
      0.25000000000000006,
      0.25000000000000006,
      0.10000000000000002,
      0.10000000000000002,
      0.10000000000000002,
      0.10000000000000002,
      0.10000000000000002
    ],
    [
      0.1,
      0.1,
      0.2,
      0.15,
      0.15,
      0.1,
      0.2
    ],
    [
      0.2,
      0.1,
      0.1,
      0.2,
      0.1,
      0.1,
      0.2
    ],
    [
      0.1,
      0.1,
      0.15,
      0.15,
      0.2,
      0.1,
      0.2
    ],
    [
      0.15,
      0.1,
      0.1,
      0.2,
      0.1,
      0.15,
      0.2
    ],
    [
      0.15,
      0.15,
      0.1,
      0.15,
      0.1,
      0.1,
      0.25
    ]
  ],
  "current_policy": {
    "transition_matrix": [
      [
        0.16636904590250032,
        0.17509747260207018,
        0.005984499906044146,
        0.07624795891926216,
        0.124923690483364,
        0.07432338019641356,
        0.3770539519903457
      ],
      [
        0.28259981155415126,
        0.11339664262382831,
        0.06335214513144492,
        0.23163622945308368,
        0.1484922923335239,
        0.029495239557516886,
        0.13102763934645115
      ],
      [
        0.05421371182633285,
        0.17401845160986965,
        0.04127593520064284,
        0.19025942190112932,
        0.08123587000648252,
        0.05780007153237019,
        0.4011965379231726
      ],
      [
        0.08251183739460524,
        0.12634177757807483,
        0.01154227837402226,
        0.11355400596296059,
        0.01683295406818725,
        0.287528121570312,
        0.3616890250518379
      ],
      [
        0.13495364442996355,
        0.30582929089567457,
        0.012135563105193575,
        0.028353332059839195,
        0.11590217725377838,
        0.057445883698772245,
        0.3453801085567785
      ],
      [
        0.2716125391211934,
        0.32291117935481756,
        0.08540367426177574,
        0.08704594878026228,
        0.09188670507258366,
        0.02376592253614069,
        0.1173740308732266
      ],
      [
        0.21755588479569074,
        0.14053776383681407,
        0.016351730878882424,
        0.178454153579749,
        0.14753268315890042,
        0.05257487542121791,
        0.24699290832874554
      ]
    ],
    "temperature_schedule": [
      0.5,
      0.2
    ]
  },
  "best_sequence": [
    "neutral",
    "neutral",
    "surprising",
    "surprising",
    "surprising",
    "surprising",
    "happy",
    "sad",
    "sad",
    "happy",
    "happy",
    "neutral",
    "surprising"
  ],
  "best_fitness": 4.084290760562919,
  "generation": 10,
  "elite_sequences": [
    {
      "sequence": [
        "sad",
        "fear",
        "happy",
        "neutral",
        "surprising",
        "sad",
        "neutral",
        "happy",
        "happy",
        "neutral",
        "sad",
        "happy",
        "neutral",
        "happy",
        "neutral",
        "neutral"
      ],
      "fitness": 0.0
    },
    {
      "sequence": [
        "surprising",
        "happy",
        "happy",
        "surprising",
        "happy",
        "neutral",
        "happy",
        "disgust"
      ],
      "fitness": 0.0
    },
    {
      "sequence": [
        "neutral",
        "neutral",
        "disgust",
        "surprising",
        "sad",
        "fear",
        "surprising",
        "happy",
        "neutral",
        "sad",
        "sad",
        "fear",
        "surprising",
        "disgust",
        "neutral",
        "fear"
      ],
      "fitness": 0.0
    },
    {
      "sequence": [
        "happy",
        "sad",
        "fear",
        "happy",
        "surprising",
        "disgust"
      ],
      "fitness": 0.0
    },
    {
      "sequence": [
        "happy",
        "disgust"
      ],
      "fitness": 0.0
    }
  ],
  "model_type": "baseline_evolutionary",
  "parameters": {
    "mutation_rate": 0.15,
    "crossover_rate": 0.8,
    "population_size": 20,
    "elite_size": 5
  }
}