{
  "experiment_type": "hierarchical_evolutionary_bayesian",
  "generations": 2,
  "negotiations_per_generation": 21,
  "hierarchical_structure": {
    "groups": [
      "positive",
      "negative",
      "neutral"
    ],
    "group_members": {
      "positive": [
        "happy",
        "surprising"
      ],
      "negative": [
        "angry",
        "disgust",
        "fear"
      ],
      "neutral": [
        "sad",
        "neutral"
      ]
    },
    "base_emotions": [
      "happy",
      "surprising",
      "angry",
      "sad",
      "disgust",
      "fear",
      "neutral"
    ]
  },
  "generation_results": {
    "generation_1": {
      "stats": {
        "generation": 1,
        "best_fitness": 9.142664228322621,
        "best_sequence": [
          "neutral"
        ],
        "elite_count": 7,
        "total_sequences": 28,
        "current_emotion": "neutral",
        "current_group": "neutral",
        "hierarchical_entropy": {
          "group_entropy": 1.0900851393654065,
          "full_entropy": 1.6091004473979038,
          "within_group_entropies": {
            "positive": 0.49464021928785845,
            "negative": 0.7611274967375735,
            "neutral": 0.43585195511486075
          }
        },
        "group_matrix": [
          [
            0.37846153846153846,
            0.2723076923076923,
            0.34923076923076923
          ],
          [
            0.26,
            0.33999999999999997,
            0.4
          ],
          [
            0.3323809523809524,
            0.31333333333333335,
            0.35428571428571426
          ]
        ],
        "within_group_matrices": {
          "positive": [
            [
              0.8159090909090909,
              0.18409090909090908
            ],
            [
              0.20833333333333334,
              0.7916666666666667
            ]
          ],
          "negative": [
            [
              0.7523809523809524,
              0.12380952380952381,
              0.12380952380952381
            ],
            [
              0.12380952380952381,
              0.7523809523809524,
              0.12380952380952381
            ],
            [
              0.12380952380952381,
              0.18095238095238098,
              0.6952380952380952
            ]
          ],
          "neutral": [
            [
              0.8583333333333334,
              0.14166666666666666
            ],
            [
              0.17500000000000002,
              0.8250000000000001
            ]
          ]
        }
      },
      "success_rate": 1.0,
      "avg_days": 41.476190476190474,
      "avg_rounds": 14.285714285714286,
      "elite_sequences": [
        {
          "sequence": [
            "neutral"
          ],
          "fitness": 9.142664228322621,
          "length": 1
        },
        {
          "sequence": [
            "happy",
            "happy",
            "neutral",
            "sad",
            "surprising",
            "sad",
            "happy",
            "sad"
          ],
          "fitness": 9.041113899858795,
          "length": 8
        },
        {
          "sequence": [
            "fear",
            "disgust",
            "happy",
            "happy",
            "happy",
            "happy",
            "surprising",
            "neutral",
            "happy",
            "angry",
            "surprising",
            "neutral"
          ],
          "fitness": 8.029712867603125,
          "length": 12
        },
        {
          "sequence": [
            "fear",
            "neutral",
            "neutral",
            "neutral",
            "angry",
            "neutral"
          ],
          "fitness": 8.029013210073975,
          "length": 6
        },
        {
          "sequence": [
            "surprising",
            "neutral",
            "happy",
            "disgust",
            "neutral",
            "angry",
            "sad",
            "sad",
            "surprising",
            "sad",
            "happy",
            "disgust",
            "surprising",
            "sad"
          ],
          "fitness": 6.762578943627749,
          "length": 14
        }
      ]
    },
    "generation_2": {
      "stats": {
        "generation": 2,
        "best_fitness": 14.242728276920488,
        "best_sequence": [
          "happy",
          "angry",
          "neutral",
          "angry"
        ],
        "elite_count": 7,
        "total_sequences": 56,
        "current_emotion": "neutral",
        "current_group": "neutral",
        "hierarchical_entropy": {
          "group_entropy": 1.0779581123091762,
          "full_entropy": 1.6259840886740882,
          "within_group_entropies": {
            "positive": 0.5520744085978838,
            "negative": 0.776283707075745,
            "neutral": 0.4336767553742194
          }
        },
        "group_matrix": [
          [
            0.4153122171945701,
            0.2810316742081448,
            0.3036561085972851
          ],
          [
            0.22266666666666668,
            0.3151111111111111,
            0.4622222222222222
          ],
          [
            0.3267012987012987,
            0.3698181818181818,
            0.30348051948051946
          ]
        ],
        "within_group_matrices": {
          "positive": [
            [
              0.7752597402597403,
              0.22474025974025974
            ],
            [
              0.2583333333333333,
              0.7416666666666667
            ]
          ],
          "negative": [
            [
              0.7371428571428571,
              0.13142857142857142,
              0.13142857142857142
            ],
            [
              0.13142857142857142,
              0.7371428571428571,
              0.13142857142857142
            ],
            [
              0.13142857142857142,
              0.16571428571428573,
              0.7028571428571428
            ]
          ],
          "neutral": [
            [
              0.8578571428571429,
              0.14214285714285713
            ],
            [
              0.1716666666666667,
              0.8283333333333334
            ]
          ]
        }
      },
      "success_rate": 0.9523809523809523,
      "avg_days": 28.65,
      "avg_rounds": 13.85,
      "elite_sequences": [
        {
          "sequence": [
            "happy",
            "angry",
            "neutral",
            "angry"
          ],
          "fitness": 14.242728276920488,
          "length": 4
        },
        {
          "sequence": [
            "surprising",
            "surprising"
          ],
          "fitness": 13.999890327044731,
          "length": 2
        },
        {
          "sequence": [
            "fear",
            "fear",
            "sad",
            "sad",
            "happy",
            "surprising",
            "happy",
            "sad"
          ],
          "fitness": 9.52119164703426,
          "length": 8
        },
        {
          "sequence": [
            "neutral",
            "happy",
            "angry",
            "neutral",
            "angry",
            "surprising",
            "surprising",
            "happy",
            "happy"
          ],
          "fitness": 9.103410357249023,
          "length": 9
        },
        {
          "sequence": [
            "neutral",
            "angry",
            "neutral",
            "fear"
          ],
          "fitness": 8.271288159520603,
          "length": 4
        }
      ]
    }
  },
  "scenarios_used": [
    "debt_001",
    "debt_002",
    "debt_003",
    "debt_004",
    "debt_005",
    "debt_006",
    "debt_007",
    "debt_008",
    "debt_009",
    "debt_010"
  ],
  "final_stats": {
    "best_fitness": 14.242728276920488,
    "best_sequence": [
      "happy",
      "angry",
      "neutral",
      "angry"
    ],
    "generation": 2,