{
  "experiment_type": "hierarchical_evolutionary_bayesian",
  "generations": 2,
  "negotiations_per_generation": 21,
  "hierarchical_structure": {
    "groups": [
      "positive",
      "negative",
      "neutral"
    ],
    "group_members": {
      "positive": [
        "happy",
        "surprising"
      ],
      "negative": [
        "angry",
        "disgust",
        "fear"
      ],
      "neutral": [
        "sad",
        "neutral"
      ]
    },
    "base_emotions": [
      "happy",
      "surprising",
      "angry",
      "sad",
      "disgust",
      "fear",
      "neutral"
    ]
  },
  "generation_results": {
    "generation_1": {
      "stats": {
        "generation": 1,
        "best_fitness": 8.271288159520603,
        "best_sequence": [
          "angry",
          "angry",
          "neutral",
          "fear"
        ],
        "elite_count": 7,
        "total_sequences": 28,
        "current_emotion": "neutral",
        "current_group": "neutral",
        "hierarchical_entropy": {
          "group_entropy": 1.0831023337160368,
          "full_entropy": 1.563823301847752,
          "within_group_entropies": {
            "positive": 0.38241024439932847,
            "negative": 0.7868419492733058,
            "neutral": 0.34301651812851314
          }
        },
        "group_matrix": [
          [
            0.40470588235294114,
            0.3094117647058824,
            0.2858823529411765
          ],
          [
            0.2412121212121212,
            0.3612121212121212,
            0.3975757575757576
          ],
          [
            0.2989189189189189,
            0.2881081081081081,
            0.412972972972973
          ]
        ],
        "within_group_matrices": {
          "positive": [
            [
              0.885,
              0.11500000000000002
            ],
            [
              0.14166666666666666,
              0.8583333333333334
            ]
          ],
          "negative": [
            [
              0.7666666666666667,
              0.11666666666666668,
              0.11666666666666668
            ],
            [
              0.11111111111111113,
              0.7333333333333334,
              0.15555555555555556
            ],
            [
              0.15555555555555556,
              0.2,
              0.6444444444444445
            ]
          ],
          "neutral": [
            [
              0.8916666666666667,
              0.10833333333333334
            ],
            [
              0.10833333333333334,
              0.8916666666666667
            ]
          ]
        }
      },
      "success_rate": 0.09523809523809523,
      "avg_days": 26.5,
      "avg_rounds": 12.0,
      "elite_sequences": [
        {
          "sequence": [
            "angry",
            "angry",
            "neutral",
            "fear"
          ],
          "fitness": 8.271288159520603,
          "length": 4
        },
        {
          "sequence": [
            "angry",
            "neutral",
            "surprising",
            "surprising",
            "happy",
            "happy",
            "happy",
            "angry",
            "surprising"
          ],
          "fitness": 7.563359732902383,
          "length": 9
        },
        {
          "sequence": [
            "neutral",
            "happy",
            "happy",
            "disgust",
            "fear",
            "angry",
            "neutral",
            "neutral",
            "neutral",
            "happy",
            "happy",
            "sad",
            "fear",
            "sad",
            "sad",
            "sad"
          ],
          "fitness": 0.0,
          "length": 16
        },
        {
          "sequence": [
            "surprising",
            "surprising",
            "neutral",
            "happy",
            "fear",
            "surprising",
            "angry",
            "neutral",
            "neutral",
            "disgust",
            "neutral",
            "neutral",
            "disgust",
            "happy",
            "sad",
            "happy"
          ],
          "fitness": 0.0,
          "length": 16
        },
        {
          "sequence": [
            "neutral",
            "neutral",
            "neutral",
            "happy",
            "angry",
            "sad",
            "fear",
            "disgust",
            "happy",
            "neutral",
            "happy",
            "fear",
            "disgust",
            "disgust",
            "neutral",
            "neutral"
          ],
          "fitness": 0.0,
          "length": 16
        }
      ]
    },
    "generation_2": {
      "stats": {
        "generation": 2,
        "best_fitness": 11.416811122261816,
        "best_sequence": [
          "neutral",
          "neutral",
          "sad"
        ],
        "elite_count": 7,
        "total_sequences": 56,
        "current_emotion": "neutral",
        "current_group": "neutral",
        "hierarchical_entropy": {
          "group_entropy": 1.0736734834382926,
          "full_entropy": 1.5923266061918404,
          "within_group_entropies": {
            "positive": 0.3890242878190109,
            "negative": 0.8860949891407025,
            "neutral": 0.38490796446364256
          }
        },
        "group_matrix": [
          [
            0.40752941176470586,
            0.3385882352941177,
            0.2538823529411765
          ],
          [
            0.23884491978609626,
            0.33437433155080215,
            0.42678074866310156
          ],
          [
            0.32220849420849423,
            0.2395315315315315,
            0.4382599742599742
          ]
        ],
        "within_group_matrices": {
          "positive": [
            [
              0.8976666666666667,
              0.10233333333333333
            ],
            [
              0.165,
              0.8350000000000001
            ]
          ],
          "negative": [
            [
              0.6885714285714286,
              0.12714285714285714,
              0.18428571428571427
            ],
            [
              0.15555555555555556,
              0.6177777777777778,
              0.22666666666666668
            ],
            [
              0.13333333333333336,
              0.24,
              0.6266666666666667
            ]
          ],
          "neutral": [
            [
              0.8461111111111111,
              0.1538888888888889
            ],
            [
              0.10710526315789473,
              0.8928947368421053
            ]
          ]
        }
      },
      "success_rate": 0.047619047619047616,
      "avg_days": 26.0,
      "avg_rounds": 5.0,
      "elite_sequences": [
        {
          "sequence": [
            "neutral",
            "neutral",
            "sad"
          ],
          "fitness": 11.416811122261816,
          "length": 3
        },
        {
          "sequence": [
            "angry",
            "neutral",
            "fear",
            "neutral",
            "neutral",
            "neutral",
            "neutral",
            "happy",
            "fear",
            "disgust",
            "sad",
            "neutral",
            "neutral",
            "neutral",
            "neutral",
            "surprising"
          ],
          "fitness": 0.0,
          "length": 16
        },
        {
          "sequence": [
            "disgust",
            "surprising",
            "neutral",
            "fear",
            "sad",
            "disgust",
            "fear",
            "disgust",
            "angry",
            "neutral",
            "neutral",
            "neutral",
            "surprising",
            "surprising",
            "sad",
            "happy"
          ],
          "fitness": 0.0,