{
  "model_name": "hierarchical_as_creditor_vs_vanilla",
  "model_data": {
    "group_matrix": [
      [
        0.4853333333333334,
        0.2633333333333333,
        0.25133333333333335
      ],
      [
        0.1831111111111111,
        0.4328888888888889,
        0.384
      ],
      [
        0.3151794871794872,
        0.3151794871794872,
        0.36964102564102563
      ]
    ],
    "within_group_matrices": {
      "positive": [
        [
          0.8078571428571428,
          0.19214285714285714
        ],
        [
          0.275,
          0.7250000000000001
        ]
      ],
      "negative": [
        [
          0.6457142857142857,
          0.16571428571428573,
          0.18857142857142856
        ],
        [
          0.12666666666666665,
          0.7466666666666666,
          0.12666666666666665
        ],
        [
          0.14095238095238094,
          0.10761904761904761,
          0.7514285714285714
        ]
      ],
      "neutral": [
        [
          0.8083333333333333,
          0.19166666666666665
        ],
        [
          0.14214285714285713,
          0.8578571428571429
        ]
      ]
    },
    "base_matrix": [
      [
        0.53335638832998,
        0.12685487927565395,
        0.0579518779342723,
        0.08296654929577467,
        0.0579518779342723,
        0.0579518779342723,
        0.08296654929577467
      ],
      [
        0.18155809859154934,
        0.47865316901408467,
        0.0579518779342723,
        0.08296654929577467,
        0.0579518779342723,
        0.0579518779342723,
        0.08296654929577467
      ],
      [
        0.058423142370958595,
        0.058423142370958595,
        0.41204116360100473,
        0.12251843448667045,
        0.10574507738432867,
        0.12033060529940846,
        0.12251843448667045
      ],
      [
        0.09665953699043785,
        0.09665953699043785,
        0.06443969132695856,
        0.4958008303975843,
        0.06443969132695856,
        0.06443969132695856,
        0.11756102164066431
      ],
      [
        0.058423142370958595,
        0.058423142370958595,
        0.08082813386273396,
        0.12251843448667045,
        0.47646057855927393,
        0.08082813386273396,
        0.12251843448667045
      ],
      [
        0.058423142370958595,
        0.058423142370958595,
        0.08994408880965886,
        0.12251843448667045,
        0.06867352726683412,
        0.4794992302082489,
        0.12251843448667045
      ],
      [
        0.09665953699043786,
        0.09665953699043786,
        0.06443969132695856,
        0.08718500611115106,
        0.06443969132695856,
        0.06443969132695856,
        0.5261768459270977
      ]
    ],
    "best_sequence": [
      "angry",
      "sad",
      "surprising",
      "happy",
      "fear",
      "fear"
    ],
    "best_fitness": 15.904361095553233,
    "opponent_model": "vanilla",
    "trained_as": "creditor"
  },
  "training_stats": {
    "creditor_method": "hierarchical",
    "debtor_method": "vanilla",
    "training_scenarios": 10,
    "training_time_minutes": 135.52761051654815,
    "success_rate": 0,
    "final_performance": {},
    "training_params": {
      "creditor_model": "deepseek-chat",
      "debtor_model": "deepseek-chat",
      "max_dialog_len": 30,
      "generations": 2,
      "population_size": 20,
      "mutation_rate": 0.12,
      "crossover_rate": 0.8,
      "negotiations_per_gen": 21,
      "learning_rate": 0.7,
      "episodes": 100,
      "episodes_per_scenario": 5,
      "discount_factor": 0.95,
      "exploration_rate": 1.0,
      "exploration_decay": 0.995,
      "batch_size": 32,
      "replay_buffer_size": 10000,
      "temperature": 1.0
    }
  },
  "timestamp": "20260107_153628",
  "saved_at": "2026-01-07T15:36:28.430438"
}