{
  "model_name": "qlearning_as_creditor_vs_vanilla_20260105_010635",
  "model_data": {
    "q_table": [
      [
        0.018364095224351354,
        0.017856295569523638,
        0.022128826970358662,
        0.20905069230611842,
        0.006646559413080002,
        -0.019693450849004614,
        -0.014057720690492647
      ],
      [
        -0.004886267462830754,
        0.019293233061558387,
        0.01541038297135018,
        -0.011199869612023414,
        0.20706888608691593,
        0.016998877954198462,
        0.20327138746160597
      ],
      [
        0.01577807043259432,
        0.024196449910293728,
        0.20817763000465125,
        -0.009847288626503326,
        0.025214575374596798,
        -0.01216569284581527,
        0.22343873202547723
      ],
      [
        0.027329237776009676,
        0.24645516448310467,
        0.021440004712915295,
        -0.009165708529097401,
        0.011589130144508566,
        -0.0012225062730881744,
        -0.012764800680406044
      ],
      [
        0.016433092949922304,
        0.18501836688379608,
        0.19568599833150177,
        0.027786559320634993,
        -0.007006928561877919,
        -0.005868273416670913,
        -0.0013750244892449235
      ],
      [
        0.02073739317414238,
        -0.0010137414383406232,
        -0.021111039423413105,
        0.0031441083967560526,
        0.02778514739156947,
        0.022376629169210183,
        0.0038319410065681837
      ],
      [
        0.22100399317943745,
        0.0021619569941690826,
        0.017702457356862357,
        0.2155127006993071,
        0.019982225566667303,
        0.02034106272388056,
        0.016467072665283897
      ]
    ],
    "transition_matrix": [
      [
        0.1406993029068692,
        0.14063977628804716,
        0.14114140865847838,
        0.16493154470068153,
        0.1393321145358018,
        0.13630709449242429,
        0.13694875841769763
      ],
      [
        0.134531986253629,
        0.13727024451748648,
        0.13682679585524785,
        0.1338260271612004,
        0.16052204439675527,
        0.13700803968811073,
        0.16001486212757032
      ],
      [
        0.13635835970515262,
        0.13731831999477523,
        0.16007130694473296,
        0.13347737024057865,
        0.13743487549808753,
        0.13321974044292897,
        0.16212002717374413
      ],
      [
        0.14092274284062645,
        0.16915522018371545,
        0.1402328314320788,
        0.13670145150377486,
        0.1390863635559967,
        0.13760932568226966,
        0.13629206480153808
      ],
      [
        0.13757116674115424,
        0.1583217077268506,
        0.15973541347863598,
        0.13887893487407238,
        0.1349100160271682,
        0.13503809010088433,
        0.13554467105123427
      ],
      [
        0.14437350036415628,
        0.14178016846263428,
        0.13942544309713295,
        0.1422722710489713,
        0.1452239193513857,
        0.1445708536608378,
        0.1423538440148817
      ],
      [
        0.1610838329141292,
        0.1342302444074539,
        0.13597988688908663,
        0.16034838489729025,
        0.13623846795777317,
        0.13627921357002362,
        0.1358399693642432
      ]
    ],
    "best_sequence": [
      "disgust",
      "surprising",
      "neutral",
      "sad",
      "surprising",
      "disgust",
      "angry",
      "angry",
      "neutral",
      "happy",
      "sad"
    ],
    "best_reward": 13.666547138293952,
    "opponent_method": "vanilla",
    "trained_as": "creditor"
  },
  "training_stats": {
    "creditor_method": "qlearning",
    "debtor_method": "vanilla",
    "training_scenarios": 20,
    "training_time_minutes": 5.653727428118388,
    "success_rate": 1.0,
    "final_performance": {},
    "training_params": {
      "creditor_model": "deepseek-chat",
      "debtor_model": "deepseek-chat",
      "max_dialog_len": 30,
      "generations": 10,
      "population_size": 20,
      "mutation_rate": 0.1,
      "crossover_rate": 0.7,
      "negotiations_per_gen": 20,
      "learning_rate": 0.15,
      "episodes": 1,
      "episodes_per_scenario": 1,
      "discount_factor": 0.9,
      "exploration_rate": 0.8,
      "exploration_decay": 0.995,
      "batch_size": 32,
      "replay_buffer_size": 10000,
      "temperature": 1.2
    }
  },
  "timestamp": "20260105_010635",
  "saved_at": "2026-01-05T01:06:35.796764"
}