{
  "model_name": "qlearning_as_creditor_vs_vanilla_20260105_065136",
  "model_data": {
    "q_table": [
      [
        0.021794132931325295,
        0.004729722262266683,
        0.019960802341454364,
        0.014102684970190441,
        -0.00900841592294101,
        -0.012513248119651554,
        0.01789099345217065
      ],
      [
        0.0023716986417612125,
        -0.031285451037074634,
        0.017195868406259227,
        -0.02314269578912889,
        0.0016328330912834526,
        0.024717423355645116,
        -0.057727701617197244
      ],
      [
        0.017497177910333058,
        0.011731239664471576,
        0.011487933569773146,
        -0.06395884375191059,
        -0.03820005631661905,
        -0.0384058316171293,
        0.018988218216763143
      ],
      [
        -0.0009582832596292712,
        0.023282825201531947,
        -0.035869732635508106,
        -0.031192487371746867,
        -0.003595171096268319,
        0.01555679831659331,
        -0.10537432742830632
      ],
      [
        0.006360110579114315,
        0.024661930318451427,
        -0.05748242492757498,
        -0.02160557392558321,
        0.01934305810149819,
        0.004695285319436611,
        0.011515413065518594
      ],
      [
        0.021597485811243673,
        0.0007167055903607133,
        -0.015952102676064506,
        -0.012577789066026041,
        0.017949297046951224,
        -0.0217585906099291,
        -0.054837664638087744
      ],
      [
        0.012342480169755544,
        0.005001351962949026,
        -0.02733150791696076,
        -0.07160665895594927,
        0.019530182366879912,
        0.00292151576039368,
        -0.034034068078132536
      ]
    ],
    "transition_matrix": [
      [
        0.14448381418119868,
        0.14244374452019312,
        0.1442632438848149,
        0.14356070092547646,
        0.14082228396245267,
        0.14041158528784223,
        0.1440146272380219
      ],
      [
        0.1442363389850916,
        0.14024705871141763,
        0.14602921025904908,
        0.14120195940962815,
        0.14414755693539305,
        0.14694739042001695,
        0.13719048527940358
      ],
      [
        0.14630671652026558,
        0.14560540650514855,
        0.14557588726215145,
        0.13670498341003867,
        0.13967116723101136,
        0.1396472185540813,
        0.14648862051730302
      ],
      [
        0.14502885201983043,
        0.14798836055777279,
        0.14087033080847783,
        0.1414204731644456,
        0.14471051455978678,
        0.1470386195136039,
        0.1329428493760827
      ],
      [
        0.1437955467815066,
        0.14600545632763995,
        0.13634526252708642,
        0.14048317624566903,
        0.1453597347931163,
        0.14359618972083613,
        0.14441463360414544
      ],
      [
        0.1465494585399172,
        0.1440214608646324,
        0.1420347361836991,
        0.1424346896932386,
        0.14610460169323203,
        0.14134912711186975,
        0.13750592591341088
      ],
      [
        0.14589826460455443,
        0.1450084409539799,
        0.14115349344962855,
        0.13604040607509266,
        0.14677478144068823,
        0.14475733045782246,
        0.14036728301823367
      ]
    ],
    "best_sequence": [
      "surprising",
      "surprising",
      "neutral",
      "sad",
      "angry",
      "fear",
      "neutral",
      "angry",
      "disgust",
      "angry",
      "sad",
      "neutral",
      "sad",
      "sad",
      "neutral",
      "neutral"
    ],
    "best_reward": -5.0,
    "opponent_method": "vanilla",
    "trained_as": "creditor"
  },
  "training_stats": {
    "creditor_method": "qlearning",
    "debtor_method": "vanilla",
    "training_scenarios": 20,
    "training_time_minutes": 4.2332138856252035,
    "success_rate": 0.0,
    "final_performance": {},
    "training_params": {
      "creditor_model": "gpt-4o-mini",
      "debtor_model": "gpt-4o-mini",
      "max_dialog_len": 30,
      "generations": 10,
      "population_size": 20,
      "mutation_rate": 0.1,
      "crossover_rate": 0.7,
      "negotiations_per_gen": 20,
      "learning_rate": 0.15,
      "episodes": 1,
      "episodes_per_scenario": 1,
      "discount_factor": 0.9,
      "exploration_rate": 0.8,
      "exploration_decay": 0.995,
      "batch_size": 32,
      "replay_buffer_size": 10000,
      "temperature": 1.2
    }
  },
  "timestamp": "20260105_065136",
  "saved_at": "2026-01-05T06:51:36.872664"
}