{
  "model_name": "qlearning_as_creditor_vs_vanilla_20260105_070204",
  "model_data": {
    "q_table": [
      [
        -0.022175322266133467,
        0.0015473085141300307,
        -0.12982434532885562,
        -0.01671965369069554,
        0.02071529877335474,
        -0.018379116066269238,
        -0.010640104093277411
      ],
      [
        -0.020497989160956215,
        -0.02292376726889265,
        0.016688510962064567,
        -0.015568259238537625,
        -0.00861167240819184,
        0.004524041176362667,
        -0.01118575978499445
      ],
      [
        -0.06274477168649756,
        -0.0037819913677611763,
        -0.07485876912973376,
        -0.03312223266904407,
        -0.06263909694222396,
        -0.01339246311177237,
        0.01187134823132935
      ],
      [
        -0.04243733576006681,
        -0.025681401340644044,
        -0.017574624480983236,
        -0.00575065216966182,
        -0.04712880896418828,
        0.029492008611765017,
        0.015799720511372413
      ],
      [
        0.018434232584911545,
        0.02186256357791758,
        -0.062024610549358206,
        -0.05018193060817744,
        -0.06205435065380679,
        0.0016769378479030619,
        -0.01944227649729245
      ],
      [
        -0.031496155113882464,
        -0.0051762634473116855,
        -0.026181307354769617,
        -0.005858540316619205,
        -0.006894575869134304,
        -0.06619020833467858,
        -0.0154279324683372
      ],
      [
        0.01781538681308862,
        0.03105897486250611,
        0.004464230784400643,
        0.00045662639472565116,
        0.017192070293411858,
        0.025266444941547093,
        0.003746265910320017
      ]
    ],
    "transition_matrix": [
      [
        0.14310375169994627,
        0.14596089779749663,
        0.1308252396809988,
        0.14375583843151338,
        0.14831109898037115,
        0.1435571779878559,
        0.14448599542181792
      ],
      [
        0.1413949876247369,
        0.14110944893963343,
        0.14584523930391075,
        0.14197704830810345,
        0.1428025016909675,
        0.14437426589937394,
        0.14249650823327398
      ],
      [
        0.13944010990362105,
        0.1464627074879134,
        0.13803954354262607,
        0.14292508881665406,
        0.13945238985927658,
        0.1452944122510134,
        0.14838574813889557
      ],
      [
        0.13939923478867153,
        0.14135935817926382,
        0.1423175651674035,
        0.14372679568355315,
        0.13885530892491627,
        0.14801048699088948,
        0.14633125026530241
      ],
      [
        0.1476532955619811,
        0.14807573569272306,
        0.1380778825256327,
        0.13944730556863988,
        0.13807446052583033,
        0.14560573383974926,
        0.14306558628544375
      ],
      [
        0.1417654611974894,
        0.14490918754422435,
        0.14239473858591362,
        0.1448268208061503,
        0.14470183665449668,
        0.13772546220412318,
        0.1436764930076025
      ],
      [
        0.14327211886015923,
        0.1448620737847339,
        0.14168691333718209,
        0.1412145150236924,
        0.14319771828604774,
        0.14416449387213082,
        0.14160216683605387
      ]
    ],
    "best_sequence": [
      "fear",
      "fear",
      "happy",
      "angry",
      "angry",
      "sad",
      "disgust",
      "disgust",
      "angry",
      "happy",
      "angry",
      "disgust",
      "sad",
      "happy",
      "angry",
      "angry"
    ],
    "best_reward": -5.0,
    "opponent_method": "vanilla",
    "trained_as": "creditor"
  },
  "training_stats": {
    "creditor_method": "qlearning",
    "debtor_method": "vanilla",
    "training_scenarios": 20,
    "training_time_minutes": 4.8807623267173765,
    "success_rate": 0.0,
    "final_performance": {},
    "training_params": {
      "creditor_model": "gpt-4o-mini",
      "debtor_model": "deepseek-chat",
      "max_dialog_len": 30,
      "generations": 10,
      "population_size": 20,
      "mutation_rate": 0.1,
      "crossover_rate": 0.7,
      "negotiations_per_gen": 20,
      "learning_rate": 0.15,
      "episodes": 1,
      "episodes_per_scenario": 1,
      "discount_factor": 0.9,
      "exploration_rate": 0.8,
      "exploration_decay": 0.995,
      "batch_size": 32,
      "replay_buffer_size": 10000,
      "temperature": 1.2
    }
  },
  "timestamp": "20260105_070204",
  "saved_at": "2026-01-05T07:02:04.254522"
}