{
  "base_transition_matrix": [
    [
      0.3,
      0.2,
      0.05,
      0.1,
      0.05,
      0.05,
      0.25
    ],
    [
      0.25000000000000006,
      0.25000000000000006,
      0.10000000000000002,
      0.10000000000000002,
      0.10000000000000002,
      0.10000000000000002,
      0.10000000000000002
    ],
    [
      0.1,
      0.1,
      0.2,
      0.15,
      0.15,
      0.1,
      0.2
    ],
    [
      0.2,
      0.1,
      0.1,
      0.2,
      0.1,
      0.1,
      0.2
    ],
    [
      0.1,
      0.1,
      0.15,
      0.15,
      0.2,
      0.1,
      0.2
    ],
    [
      0.15,
      0.1,
      0.1,
      0.2,
      0.1,
      0.15,
      0.2
    ],
    [
      0.15,
      0.15,
      0.1,
      0.15,
      0.1,
      0.1,
      0.25
    ]
  ],
  "current_policy": {
    "transition_matrix": [
      [
        0.11991285723510842,
        0.11969260945019593,
        0.06995838634177785,
        0.06630738426662437,
        0.1352852878759255,
        0.07562868940180326,
        0.41321478542856477
      ],
      [
        0.20558595760068765,
        0.15366652952719567,
        0.058149226857146866,
        0.15555845031313076,
        0.038487455706427205,
        0.06084610003228522,
        0.3277062799631266
      ],
      [
        0.12530436061826947,
        0.16748411759912019,
        0.01972834022374071,
        0.10547488196293961,
        0.08551974561339643,
        0.04529567529734404,
        0.45119287868518965
      ],
      [
        0.3303544715519585,
        0.07413110576023604,
        0.22741835318133588,
        0.19509819553437696,
        0.05856193485942006,
        0.007646649588482448,
        0.10678928952418996
      ],
      [
        0.07691441093179426,
        0.07965506244888178,
        0.033807114645510776,
        0.25725299032037746,
        0.1880714996134808,
        0.23841378417589043,
        0.1258851378640646
      ],
      [
        0.20265562669669834,
        0.18836526939285086,
        0.051237861036033325,
        0.12286507513175852,
        0.1316207697471665,
        0.04428330157771323,
        0.2589720964177793
      ],
      [
        0.15033634410149177,
        0.13902216725479,
        0.03247318928634963,
        0.2442246160709273,
        0.15759908177131027,
        0.132244718309104,
        0.14409988320602707
      ]
    ],
    "temperature_schedule": [
      0.5,
      0.2
    ]
  },
  "best_sequence": [
    "fear",
    "neutral",
    "neutral",
    "fear",
    "sad",
    "angry",
    "neutral",
    "disgust",
    "happy",
    "neutral",
    "fear",
    "disgust",
    "surprising"
  ],
  "best_fitness": 3.3736741117612543,
  "generation": 10,
  "elite_sequences": [
    {
      "sequence": [
        "sad",
        "sad",
        "angry",
        "surprising",
        "surprising",
        "happy",
        "neutral",
        "fear",
        "surprising",
        "happy",
        "happy",
        "neutral",
        "sad",
        "sad"
      ],
      "fitness": 1.923578010631893
    },
    {
      "sequence": [
        "sad",
        "angry",
        "neutral",
        "disgust",
        "neutral",
        "sad",
        "neutral",
        "neutral",
        "surprising",
        "neutral",
        "happy",
        "neutral",
        "sad",
        "disgust",
        "fear",
        "neutral"
      ],
      "fitness": 0.0
    },
    {
      "sequence": [
        "fear",
        "surprising",
        "happy",
        "disgust"
      ],
      "fitness": 0.0
    },
    {
      "sequence": [
        "surprising",
        "neutral",
        "sad",
        "neutral",
        "disgust",
        "fear",
        "happy",
        "neutral",
        "neutral",
        "sad",
        "angry",
        "neutral",
        "surprising",
        "sad",
        "surprising",
        "surprising"
      ],
      "fitness": 0.0
    },
    {
      "sequence": [
        "sad",
        "happy",
        "happy",
        "surprising",
        "neutral",
        "disgust"
      ],
      "fitness": 0.0
    }
  ],
  "model_type": "baseline_evolutionary",
  "parameters": {
    "mutation_rate": 0.15,
    "crossover_rate": 0.8,
    "population_size": 20,
    "elite_size": 5
  }
}