{
  "experiment_type": "evolutionary_bayesian_sequences",
  "generations": 1,
  "negotiations_per_generation": 1,
  "generation_results": {
    "generation_1": {
      "stats": {
        "generation": 1,
        "best_fitness": 0.0,
        "elite_count": 1,
        "avg_elite_fitness": 0.0,
        "current_emotion": "neutral",
        "emotion_history": [],
        "matrix_entropy": 1.8392700814491645,
        "sequence_pool_size": 1
      },
      "success_rate": 1.0,
      "avg_days": 156.0,
      "avg_rounds": 17.0,
      "elite_sequences": [
        {
          "sequence": [
            "neutral",
            "sad",
            "sad",
            "sad",
            "angry",
            "fear",
            "happy",
            "surprising",
            "disgust"
          ],
          "fitness": 0.0,
          "length": 9
        }
      ]
    }
  },
  "scenarios_used": [
    "debt_001"
  ],
  "final_stats": {
    "generation": 1,
    "best_fitness": 0.0,
    "elite_count": 1,
    "avg_elite_fitness": 0.0,
    "current_emotion": "neutral",
    "emotion_history": [],
    "matrix_entropy": 1.8392700814491645,
    "sequence_pool_size": 1,
    "base_transition_matrix": [
      [
        0.3,
        0.2,
        0.05,
        0.1,
        0.05,
        0.05,
        0.25
      ],
      [
        0.25000000000000006,
        0.25000000000000006,
        0.10000000000000002,
        0.10000000000000002,
        0.10000000000000002,
        0.10000000000000002,
        0.10000000000000002
      ],
      [
        0.1,
        0.1,
        0.2,
        0.15,
        0.15,
        0.1,
        0.2
      ],
      [
        0.2,
        0.1,
        0.1,
        0.2,
        0.1,
        0.1,
        0.2
      ],
      [
        0.1,
        0.1,
        0.15,
        0.15,
        0.2,
        0.1,
        0.2
      ],
      [
        0.15,
        0.1,
        0.1,
        0.2,
        0.1,
        0.15,
        0.2
      ],
      [
        0.15,
        0.15,
        0.1,
        0.15,
        0.1,
        0.1,
        0.25
      ]
    ],
    "current_transition_matrix": [
      [
        0.2098507462686567,
        0.34089552238805976,
        0.05985074626865672,
        0.08985074626865672,
        0.05985074626865672,
        0.05985074626865672,
        0.1798507462686567
      ],
      [
        0.17985074626865674,
        0.17985074626865674,
        0.08985074626865673,
        0.08985074626865673,
        0.18537313432835822,
        0.18537313432835822,
        0.08985074626865673
      ],
      [
        0.08985074626865672,
        0.08985074626865672,
        0.14985074626865671,
        0.11985074626865672,
        0.11985074626865672,
        0.2808955223880597,
        0.14985074626865671
      ],
      [
        0.1352671755725191,
        0.0752671755725191,
        0.17297709923664126,
        0.3306870229007634,
        0.0752671755725191,
        0.0752671755725191,
        0.1352671755725191
      ],
      [
        0.11714285714285715,
        0.11714285714285715,
        0.14714285714285716,
        0.14714285714285716,
        0.17714285714285716,
        0.11714285714285715,
        0.17714285714285716
      ],
      [
        0.31089552238805973,
        0.08985074626865672,
        0.08985074626865672,
        0.14985074626865671,
        0.08985074626865672,
        0.11985074626865672,
        0.14985074626865671
      ],
      [
        0.11985074626865672,
        0.11985074626865672,
        0.08985074626865672,
        0.31089552238805973,
        0.08985074626865672,
        0.08985074626865672,
        0.1798507462686567
      ]
    ],
    "temperature_schedule": [
      0.5,
      0.2
    ]
  },
  "final_best_sequence": {
    "sequence": [
      "neutral",
      "sad",
      "sad",
      "sad",
      "angry",
      "fear",
      "happy",
      "surprising",
      "disgust"
    ],
    "fitness": 0.0,
    "transition_matrix": [
      [
        0.2098507462686567,
        0.34089552238805976,
        0.05985074626865672,
        0.08985074626865672,
        0.05985074626865672,
        0.05985074626865672,
        0.1798507462686567
      ],
      [
        0.17985074626865674,
        0.17985074626865674,
        0.08985074626865673,
        0.08985074626865673,
        0.18537313432835822,
        0.18537313432835822,
        0.08985074626865673
      ],
      [
        0.08985074626865672,
        0.08985074626865672,
        0.14985074626865671,
        0.11985074626865672,
        0.11985074626865672,
        0.2808955223880597,
        0.14985074626865671
      ],
      [
        0.1352671755725191,
        0.0752671755725191,
        0.17297709923664126,
        0.3306870229007634,
        0.0752671755725191,
        0.0752671755725191,
        0.1352671755725191
      ],
      [
        0.11714285714285715,
        0.11714285714285715,
        0.14714285714285716,
        0.14714285714285716,
        0.17714285714285716,
        0.11714285714285715,
        0.17714285714285716
      ],
      [
        0.31089552238805973,
        0.08985074626865672,
        0.08985074626865672,
        0.14985074626865671,
        0.08985074626865672,
        0.11985074626865672,
        0.14985074626865671
      ],
      [
        0.11985074626865672,
        0.11985074626865672,
        0.08985074626865672,
        0.31089552238805973,
        0.08985074626865672,
        0.08985074626865672,
        0.1798507462686567
      ]
    ]
  },
  "overall_success_rate": 1.0,
  "avg_successful_days": 156.0,
  "avg_successful_rounds": 17.0,
  "statistical_analysis": {
    "success_rate": {
      "mean": 1.0,
      "std": 0.0,
      "ci_95": [
        -0.96,
        1.0
      ],
      "n_success": 1,
      "n_total": 1,
      "method": "wilson_score"
    },
    "collection_rate": {
      "mean": 0.07692307692307693,
      "std": 0.0,
      "ci_95": [
        0.07692307692307693,
        0.07692307692307693
      ],
      "min": 0.07692307692307693,
      "max": 0.07692307692307693,
      "median": 0.07692307692307693,
      "method": "bootstrap"
    },
    "negotiation_rounds": {
      "mean": 17.0,
      "std": 0.0,
      "ci_95": [
        17,
        17
      ],
      "min": 17,
      "max": 17,
      "median": 17.0,
      "method": "bootstrap"
    },
    "sample_size": 1,
    "analysis_method": "bootstrap"
  },
  "confidence_intervals": {
    "success_rate_95_ci": [
      -0.96,
      1.0
    ],
    "collection_rate_95_ci": [
      0.07692307692307693,
      0.07692307692307693
    ],
    "negotiation_rounds_95_ci": [
      17,
      17
    ]
  }
}