{
  "base_transition_matrix": [
    [
      0.3,
      0.2,
      0.05,
      0.1,
      0.05,
      0.05,
      0.25
    ],
    [
      0.25000000000000006,
      0.25000000000000006,
      0.10000000000000002,
      0.10000000000000002,
      0.10000000000000002,
      0.10000000000000002,
      0.10000000000000002
    ],
    [
      0.1,
      0.1,
      0.2,
      0.15,
      0.15,
      0.1,
      0.2
    ],
    [
      0.2,
      0.1,
      0.1,
      0.2,
      0.1,
      0.1,
      0.2
    ],
    [
      0.1,
      0.1,
      0.15,
      0.15,
      0.2,
      0.1,
      0.2
    ],
    [
      0.15,
      0.1,
      0.1,
      0.2,
      0.1,
      0.15,
      0.2
    ],
    [
      0.15,
      0.15,
      0.1,
      0.15,
      0.1,
      0.1,
      0.25
    ]
  ],
  "current_policy": {
    "transition_matrix": [
      [
        0.28312378094523627,
        0.2006721680420105,
        0.03504426106526631,
        0.1923990997749437,
        0.0908582145536384,
        0.0908582145536384,
        0.10704426106526634
      ],
      [
        0.3580270067516879,
        0.10704426106526636,
        0.1646721680420105,
        0.053044261065266336,
        0.21112378094523632,
        0.053044261065266336,
        0.053044261065266336
      ],
      [
        0.07551417004048583,
        0.07551417004048583,
        0.11151417004048582,
        0.09351417004048582,
        0.09351417004048582,
        0.07551417004048583,
        0.4749149797570851
      ],
      [
        0.1335064935064935,
        0.0975064935064935,
        0.17605194805194804,
        0.18587012987012988,
        0.0975064935064935,
        0.0975064935064935,
        0.21205194805194805
      ],
      [
        0.07046153846153846,
        0.26246153846153847,
        0.08846153846153845,
        0.08846153846153845,
        0.10646153846153845,
        0.18123076923076925,
        0.2024615384615385
      ],
      [
        0.07959999999999999,
        0.3688,
        0.061599999999999995,
        0.1552,
        0.061599999999999995,
        0.07959999999999999,
        0.19360000000000005
      ],
      [
        0.1355463665280157,
        0.1111176902373379,
        0.045904575483239535,
        0.1111176902373379,
        0.11754636652801567,
        0.11754636652801567,
        0.36122094445803776
      ]
    ],
    "temperature_schedule": [
      0.5,
      0.2
    ]
  },
  "best_sequence": [
    "fear",
    "surprising",
    "happy",
    "happy",
    "sad",
    "sad",
    "neutral",
    "neutral",
    "neutral",
    "neutral",
    "sad",
    "neutral",
    "surprising",
    "happy",
    "sad",
    "angry"
  ],
  "best_fitness": 0.0,
  "generation": 2,
  "elite_sequences": [
    {
      "sequence": [
        "neutral",
        "neutral",
        "neutral",
        "disgust",
        "surprising",
        "happy",
        "disgust",
        "neutral",
        "happy",
        "happy",
        "surprising",
        "angry",
        "neutral",
        "fear",
        "surprising",
        "disgust"
      ],
      "fitness": 0.0
    }
  ],
  "model_type": "baseline_evolutionary",
  "parameters": {
    "mutation_rate": 0.15,
    "crossover_rate": 0.8,
    "population_size": 20,
    "elite_size": 5
  }
}