{
  "base_transition_matrix": [
    [
      0.3,
      0.2,
      0.05,
      0.1,
      0.05,
      0.05,
      0.25
    ],
    [
      0.25000000000000006,
      0.25000000000000006,
      0.10000000000000002,
      0.10000000000000002,
      0.10000000000000002,
      0.10000000000000002,
      0.10000000000000002
    ],
    [
      0.1,
      0.1,
      0.2,
      0.15,
      0.15,
      0.1,
      0.2
    ],
    [
      0.2,
      0.1,
      0.1,
      0.2,
      0.1,
      0.1,
      0.2
    ],
    [
      0.1,
      0.1,
      0.15,
      0.15,
      0.2,
      0.1,
      0.2
    ],
    [
      0.15,
      0.1,
      0.1,
      0.2,
      0.1,
      0.15,
      0.2
    ],
    [
      0.15,
      0.15,
      0.1,
      0.15,
      0.1,
      0.1,
      0.25
    ]
  ],
  "current_policy": {
    "transition_matrix": [
      [
        0.25519131614654,
        0.12366892808683853,
        0.06966892808683854,
        0.22682767978290366,
        0.06966892808683854,
        0.06966892808683854,
        0.18530529172320218
      ],
      [
        0.18142857142857138,
        0.18142857142857138,
        0.12742857142857142,
        0.12742857142857142,
        0.12742857142857142,
        0.12742857142857142,
        0.12742857142857142
      ],
      [
        0.12742857142857142,
        0.12742857142857142,
        0.16342857142857142,
        0.14542857142857143,
        0.14542857142857143,
        0.12742857142857142,
        0.16342857142857142
      ],
      [
        0.14550140056022412,
        0.1095014005602241,
        0.1095014005602241,
        0.2709915966386555,
        0.1095014005602241,
        0.1095014005602241,
        0.14550140056022412
      ],
      [
        0.11496103896103896,
        0.11496103896103896,
        0.13296103896103897,
        0.13296103896103897,
        0.15096103896103896,
        0.11496103896103896,
        0.23823376623376621
      ],
      [
        0.2529915966386555,
        0.1095014005602241,
        0.1095014005602241,
        0.14550140056022412,
        0.1095014005602241,
        0.1275014005602241,
        0.14550140056022412
      ],
      [
        0.17430075187969926,
        0.12377443609022558,
        0.10577443609022556,
        0.12377443609022558,
        0.15630075187969927,
        0.10577443609022556,
        0.21030075187969927
      ]
    ],
    "temperature_schedule": [
      0.5,
      0.2
    ]
  },
  "best_sequence": [
    "neutral",
    "disgust",
    "neutral",
    "neutral",
    "happy",
    "sad"
  ],
  "best_fitness": 0.0,
  "generation": 2,
  "elite_sequences": [
    {
      "sequence": [
        "fear",
        "happy",
        "happy",
        "sad",
        "sad"
      ],
      "fitness": 0.0
    }
  ],
  "model_type": "baseline_evolutionary",
  "parameters": {
    "mutation_rate": 0.15,
    "crossover_rate": 0.8,
    "population_size": 20,
    "elite_size": 5
  }
}