{
  "base_transition_matrix": [
    [
      0.3,
      0.2,
      0.05,
      0.1,
      0.05,
      0.05,
      0.25
    ],
    [
      0.25000000000000006,
      0.25000000000000006,
      0.10000000000000002,
      0.10000000000000002,
      0.10000000000000002,
      0.10000000000000002,
      0.10000000000000002
    ],
    [
      0.1,
      0.1,
      0.2,
      0.15,
      0.15,
      0.1,
      0.2
    ],
    [
      0.2,
      0.1,
      0.1,
      0.2,
      0.1,
      0.1,
      0.2
    ],
    [
      0.1,
      0.1,
      0.15,
      0.15,
      0.2,
      0.1,
      0.2
    ],
    [
      0.15,
      0.1,
      0.1,
      0.2,
      0.1,
      0.15,
      0.2
    ],
    [
      0.15,
      0.15,
      0.1,
      0.15,
      0.1,
      0.1,
      0.25
    ]
  ],
  "current_policy": {
    "transition_matrix": [
      [
        0.2098507462686567,
        0.34089552238805976,
        0.05985074626865672,
        0.08985074626865672,
        0.05985074626865672,
        0.05985074626865672,
        0.1798507462686567
      ],
      [
        0.17985074626865674,
        0.17985074626865674,
        0.08985074626865673,
        0.08985074626865673,
        0.18537313432835822,
        0.18537313432835822,
        0.08985074626865673
      ],
      [
        0.08985074626865672,
        0.08985074626865672,
        0.14985074626865671,
        0.11985074626865672,
        0.11985074626865672,
        0.2808955223880597,
        0.14985074626865671
      ],
      [
        0.1352671755725191,
        0.0752671755725191,
        0.17297709923664126,
        0.3306870229007634,
        0.0752671755725191,
        0.0752671755725191,
        0.1352671755725191
      ],
      [
        0.11714285714285715,
        0.11714285714285715,
        0.14714285714285716,
        0.14714285714285716,
        0.17714285714285716,
        0.11714285714285715,
        0.17714285714285716
      ],
      [
        0.31089552238805973,
        0.08985074626865672,
        0.08985074626865672,
        0.14985074626865671,
        0.08985074626865672,
        0.11985074626865672,
        0.14985074626865671
      ],
      [
        0.11985074626865672,
        0.11985074626865672,
        0.08985074626865672,
        0.31089552238805973,
        0.08985074626865672,
        0.08985074626865672,
        0.1798507462686567
      ]
    ],
    "temperature_schedule": [
      0.5,
      0.2
    ]
  },
  "best_sequence": [
    "neutral",
    "sad",
    "sad",
    "sad",
    "angry",
    "fear",
    "happy",
    "surprising",
    "disgust"
  ],
  "best_fitness": 0.0,
  "generation": 1,
  "elite_sequences": [
    {
      "sequence": [
        "neutral",
        "sad",
        "sad",
        "sad",
        "angry",
        "fear",
        "happy",
        "surprising",
        "disgust"
      ],
      "fitness": 0.0
    }
  ],
  "model_type": "baseline_evolutionary",
  "parameters": {
    "mutation_rate": 0.15,
    "crossover_rate": 0.8,
    "population_size": 20,
    "elite_size": 5
  }
}