{
  "base_transition_matrix": [
    [
      0.3,
      0.2,
      0.05,
      0.1,
      0.05,
      0.05,
      0.25
    ],
    [
      0.25000000000000006,
      0.25000000000000006,
      0.10000000000000002,
      0.10000000000000002,
      0.10000000000000002,
      0.10000000000000002,
      0.10000000000000002
    ],
    [
      0.1,
      0.1,
      0.2,
      0.15,
      0.15,
      0.1,
      0.2
    ],
    [
      0.2,
      0.1,
      0.1,
      0.2,
      0.1,
      0.1,
      0.2
    ],
    [
      0.1,
      0.1,
      0.15,
      0.15,
      0.2,
      0.1,
      0.2
    ],
    [
      0.15,
      0.1,
      0.1,
      0.2,
      0.1,
      0.15,
      0.2
    ],
    [
      0.15,
      0.15,
      0.1,
      0.15,
      0.1,
      0.1,
      0.25
    ]
  ],
  "current_policy": {
    "transition_matrix": [
      [
        0.2801055718475073,
        0.14163049853372436,
        0.21628739002932548,
        0.07944868035190616,
        0.08763049853372434,
        0.03526686217008798,
        0.15963049853372435
      ],
      [
        0.11560000000000001,
        0.17320000000000002,
        0.06160000000000001,
        0.06160000000000001,
        0.31120000000000003,
        0.11919999999999999,
        0.15760000000000005
      ],
      [
        0.3129454545454545,
        0.052872727272727266,
        0.17614545454545455,
        0.07087272727272725,
        0.15814545454545453,
        0.052872727272727266,
        0.17614545454545455
      ],
      [
        0.28516923076923084,
        0.07636923076923077,
        0.07636923076923077,
        0.11236923076923079,
        0.07636923076923077,
        0.07636923076923077,
        0.29698461538461546
      ],
      [
        0.05448462115528882,
        0.05448462115528882,
        0.29430007501875466,
        0.07248462115528882,
        0.15746136534133534,
        0.27630007501875464,
        0.09048462115528882
      ],
      [
        0.08465263157894735,
        0.06665263157894737,
        0.06665263157894737,
        0.21785263157894738,
        0.12425263157894739,
        0.08465263157894735,
        0.3552842105263158
      ],
      [
        0.06901466275659825,
        0.1591026392961877,
        0.13828739002932552,
        0.19992375366568915,
        0.051014662756598245,
        0.09746627565982408,
        0.28519061583577715
      ]
    ],
    "temperature_schedule": [
      0.5,
      0.2
    ]
  },
  "best_sequence": [
    "happy",
    "disgust",
    "disgust",
    "fear",
    "sad",
    "happy",
    "neutral",
    "neutral",
    "surprising",
    "disgust",
    "angry",
    "happy",
    "sad",
    "happy",
    "surprising",
    "surprising"
  ],
  "best_fitness": 0.0,
  "generation": 2,
  "elite_sequences": [
    {
      "sequence": [
        "surprising",
        "disgust",
        "fear",
        "neutral",
        "surprising",
        "neutral",
        "angry",
        "angry",
        "disgust",
        "angry",
        "happy",
        "happy",
        "angry",
        "neutral",
        "neutral",
        "sad"
      ],
      "fitness": 0.0
    }
  ],
  "model_type": "baseline_evolutionary",
  "parameters": {
    "mutation_rate": 0.15,
    "crossover_rate": 0.8,
    "population_size": 20,
    "elite_size": 5
  }
}